{"color":15921919,"distance":0,"intensity":1,"position":[-0.104849,0,3.664304],"type":"PointLight"}